id;sid_type;sid_value;nom_descriptif
1;Human Computer;(EURCO) Keyboard;back-end Home cross-media
2;reboot Loan Strategist;leverage;Gorgeous connecting Quality
3;Jewelery calculating;invoice;Real
4;connect payment;Loan;array Computer multi-byte
5;cross-platform;recontextualize;Directives
6;port Checking;24/7;black Ecuador District
7;1080p;generating Bedfordshire;Table
8;drive;Programmable Fantastic Montana;user-centric
9;hack;up Corporate Oklahoma;Identity Brazilian real-time
10;Niger Malawi;Coordinator;Inlet Mobility Handmade
