id;nom_fichier;type;fichier_url;date_upload;work_order_id;bon_commande_id;o_t_externe_id
1;PCI Security Progressive;Pennsylvania;engineer Principal;2026-03-11T14:44:27;76416;95954;88338
2;Garden infomediaries;deposit Alaska Cayman;PCI enterprise Moldova;2026-03-12T01:37:12;56842;9364;44269
3;JSON portals;Implemented;Seamless Multi-channelled JBOD;2026-03-12T11:39:59;23463;17851;15652
4;Florida;killer Coordinator Chips;redundant Fresh PCI;2026-03-11T16:48:10;74922;27600;51696
5;District Unbranded;Dale Account;SAS Upgradable;2026-03-11T23:06:44;59082;78025;12899
6;FTP;Wisconsin systemic Handmade;Sleek;2026-03-11T17:52:02;20313;77201;86840
7;Paradigm Garden RSS;Principal motivating;HTTP Alabama IB;2026-03-12T10:03:43;57331;64809;3110
8;flexibility;innovative virtual;engage;2026-03-11T17:30:37;22957;67750;6789
9;Dynamic American plum;Streamlined;deposit;2026-03-12T00:16:01;75654;83065;81197
10;conglomeration;Handcrafted exploit;protocol Granite enterprise;2026-03-12T05:01:52;19128;53912;17738
